[
{
    "model": "catalog.tag",
    "pk": 1,
    "fields": {
        "is_published": true,
        "name": "Техника",
        "slug": "secure1",
        "keyword": "texникa"
    }
},
{
    "model": "catalog.tag",
    "pk": 2,
    "fields": {
        "is_published": true,
        "name": "Овощи",
        "slug": "secure2",
        "keyword": "oвoщи"
    }
},
{
    "model": "catalog.tag",
    "pk": 3,
    "fields": {
        "is_published": true,
        "name": "Фрукты",
        "slug": "secure3",
        "keyword": "фpyкtы"
    }
},
{
    "model": "catalog.tag",
    "pk": 4,
    "fields": {
        "is_published": true,
        "name": "Баллистика",
        "slug": "secure4",
        "keyword": "бaллиctикa"
    }
},
{
    "model": "catalog.tag",
    "pk": 5,
    "fields": {
        "is_published": true,
        "name": "Ядерное оружие",
        "slug": "secure5",
        "keyword": "ядepнoeopyжиe"
    }
},
{
    "model": "catalog.tag",
    "pk": 6,
    "fields": {
        "is_published": true,
        "name": "Мебель",
        "slug": "secure6",
        "keyword": "meбeль"
    }
},
{
    "model": "catalog.category",
    "pk": 1,
    "fields": {
        "is_published": true,
        "name": "Для дома",
        "slug": "secure1",
        "keyword": "длядoma",
        "weight": 100
    }
},
{
    "model": "catalog.category",
    "pk": 2,
    "fields": {
        "is_published": true,
        "name": "Еда",
        "slug": "secure2",
        "keyword": "eдa",
        "weight": 100
    }
},
{
    "model": "catalog.category",
    "pk": 3,
    "fields": {
        "is_published": true,
        "name": "Ракеты",
        "slug": "secure3",
        "keyword": "paкetы",
        "weight": 100
    }
},
{
    "model": "catalog.item",
    "pk": 4,
    "fields": {
        "is_published": true,
        "name": "Утюг",
        "text": "превосходно гладит",
        "category": 1,
        "is_on_main": true,
        "created_at": "2023-03-07",
        "updated_at": "2023-03-08",
        "tags": [
            1
        ]
    }
},
{
    "model": "catalog.item",
    "pk": 5,
    "fields": {
        "is_published": true,
        "name": "Помидор",
        "text": "Превосходно помидор вкусно",
        "category": 2,
        "is_on_main": false,
        "created_at": "2023-03-07",
        "updated_at": "2023-03-08",
        "tags": [
            2
        ]
    }
},
{
    "model": "catalog.item",
    "pk": 6,
    "fields": {
        "is_published": true,
        "name": "Яблоко",
        "text": "Превосходно зеленое яблоко",
        "category": 2,
        "is_on_main": false,
        "created_at": "2023-03-07",
        "updated_at": "2023-03-08",
        "tags": [
            3
        ]
    }
},
{
    "model": "catalog.item",
    "pk": 7,
    "fields": {
        "is_published": true,
        "name": "Ракетный комплекс \"Ярс\"",
        "text": "Превосходно баллистическая ракета",
        "category": 3,
        "is_on_main": true,
        "created_at": "2023-03-07",
        "updated_at": "2023-03-08",
        "tags": [
            4,
            5
        ]
    }
},
{
    "model": "catalog.item",
    "pk": 8,
    "fields": {
        "is_published": true,
        "name": "Тополь-М",
        "text": "Роскошно баллистическая ракета",
        "category": 3,
        "is_on_main": true,
        "created_at": "2023-03-07",
        "updated_at": "2023-03-08",
        "tags": [
            4,
            5
        ]
    }
},
{
    "model": "catalog.item",
    "pk": 9,
    "fields": {
        "is_published": true,
        "name": "Стол",
        "text": "Превосходно стоит на своих четырех ногах",
        "category": 1,
        "is_on_main": false,
        "created_at": "2023-03-08",
        "updated_at": "2023-03-08",
        "tags": [
            6
        ]
    }
},
{
    "model": "catalog.imagetoitem",
    "pk": 2,
    "fields": {
        "image": "catalog/4/utiug80f3d8435cd8.jpeg",
        "item": 4
    }
},
{
    "model": "catalog.imagetoitem",
    "pk": 3,
    "fields": {
        "image": "catalog/5/pomidor6a12ba319e49.jpg",
        "item": 5
    }
},
{
    "model": "catalog.imagetoitem",
    "pk": 4,
    "fields": {
        "image": "catalog/6/iabloko904ebd0fb8f2.jpg",
        "item": 6
    }
},
{
    "model": "catalog.imagetoitem",
    "pk": 5,
    "fields": {
        "image": "catalog/7/iars10f4ac94030b.jpeg",
        "item": 7
    }
},
{
    "model": "catalog.imagetoitem",
    "pk": 6,
    "fields": {
        "image": "catalog/8/topol661fdfab65db.jpg",
        "item": 8
    }
},
{
    "model": "catalog.imagetoitem",
    "pk": 7,
    "fields": {
        "image": "catalog/9/stolb4d1194bf09c.jpg",
        "item": 9
    }
},
{
    "model": "catalog.galerytoitem",
    "pk": 1,
    "fields": {
        "image": "catalog/8/iarsc7fc95bada93.jpeg",
        "item": 8
    }
},
{
    "model": "catalog.galerytoitem",
    "pk": 3,
    "fields": {
        "image": "catalog/8/pomidorebc63ff0e111.jpg",
        "item": 8
    }
},
{
    "model": "admin.logentry",
    "pk": 1,
    "fields": {
        "action_time": "2023-03-08T10:43:06.606Z",
        "user": 1,
        "content_type": 3,
        "object_id": "5",
        "object_repr": "Помидор",
        "action_flag": 2,
        "change_message": "[{\"changed\": {\"fields\": [\"\\u041e\\u043f\\u0438\\u0441\\u0430\\u043d\\u0438\\u0435\"]}}]"
    }
},
{
    "model": "admin.logentry",
    "pk": 2,
    "fields": {
        "action_time": "2023-03-08T12:13:22.035Z",
        "user": 1,
        "content_type": 3,
        "object_id": "8",
        "object_repr": "Тополь-М",
        "action_flag": 2,
        "change_message": "[{\"changed\": {\"fields\": [\"\\u041d\\u0430 \\u0433\\u043b\\u0430\\u0432\\u043d\\u043e\\u0439\"]}}]"
    }
},
{
    "model": "admin.logentry",
    "pk": 3,
    "fields": {
        "action_time": "2023-03-08T12:13:29.446Z",
        "user": 1,
        "content_type": 3,
        "object_id": "7",
        "object_repr": "Ракетный компле",
        "action_flag": 2,
        "change_message": "[{\"changed\": {\"fields\": [\"\\u041d\\u0430 \\u0433\\u043b\\u0430\\u0432\\u043d\\u043e\\u0439\"]}}]"
    }
},
{
    "model": "admin.logentry",
    "pk": 4,
    "fields": {
        "action_time": "2023-03-08T12:13:52.842Z",
        "user": 1,
        "content_type": 3,
        "object_id": "4",
        "object_repr": "Утюг",
        "action_flag": 2,
        "change_message": "[{\"changed\": {\"fields\": [\"\\u041d\\u0430 \\u0433\\u043b\\u0430\\u0432\\u043d\\u043e\\u0439\"]}}]"
    }
},
{
    "model": "admin.logentry",
    "pk": 5,
    "fields": {
        "action_time": "2023-03-08T12:14:38.370Z",
        "user": 1,
        "content_type": 3,
        "object_id": "8",
        "object_repr": "Тополь-М",
        "action_flag": 2,
        "change_message": "[{\"changed\": {\"fields\": [\"\\u041d\\u0430 \\u0433\\u043b\\u0430\\u0432\\u043d\\u043e\\u0439\"]}}]"
    }
},
{
    "model": "admin.logentry",
    "pk": 6,
    "fields": {
        "action_time": "2023-03-08T12:14:45.798Z",
        "user": 1,
        "content_type": 3,
        "object_id": "7",
        "object_repr": "Ракетный компле",
        "action_flag": 2,
        "change_message": "[{\"changed\": {\"fields\": [\"\\u041d\\u0430 \\u0433\\u043b\\u0430\\u0432\\u043d\\u043e\\u0439\"]}}]"
    }
},
{
    "model": "admin.logentry",
    "pk": 7,
    "fields": {
        "action_time": "2023-03-08T12:14:52.165Z",
        "user": 1,
        "content_type": 3,
        "object_id": "4",
        "object_repr": "Утюг",
        "action_flag": 2,
        "change_message": "[{\"changed\": {\"fields\": [\"\\u041d\\u0430 \\u0433\\u043b\\u0430\\u0432\\u043d\\u043e\\u0439\"]}}]"
    }
},
{
    "model": "admin.logentry",
    "pk": 8,
    "fields": {
        "action_time": "2023-03-08T13:07:49.079Z",
        "user": 1,
        "content_type": 3,
        "object_id": "6",
        "object_repr": "Яблоко",
        "action_flag": 2,
        "change_message": "[{\"changed\": {\"fields\": [\"\\u041a\\u0430\\u0442\\u0435\\u0433\\u043e\\u0440\\u0438\\u044f\"]}}]"
    }
},
{
    "model": "admin.logentry",
    "pk": 9,
    "fields": {
        "action_time": "2023-03-08T13:19:45.486Z",
        "user": 1,
        "content_type": 2,
        "object_id": "6",
        "object_repr": "Мебель",
        "action_flag": 1,
        "change_message": "[{\"added\": {}}]"
    }
},
{
    "model": "admin.logentry",
    "pk": 10,
    "fields": {
        "action_time": "2023-03-08T13:20:22.478Z",
        "user": 1,
        "content_type": 3,
        "object_id": "9",
        "object_repr": "Стол",
        "action_flag": 1,
        "change_message": "[{\"added\": {}}, {\"added\": {\"name\": \"\\u0433\\u043b\\u0430\\u0432\\u043d\\u043e\\u0435 \\u0438\\u0437\\u043e\\u0431\\u0440\\u0430\\u0436\\u0435\\u043d\\u0438\\u0435\", \"object\": \"\\u0413\\u043b\\u0430\\u0432\\u043d\\u0430\\u044f \\u043a\\u0430\\u0440\\u0442\\u0438\\u043d\\u043a\\u0430 7\"}}]"
    }
},
{
    "model": "admin.logentry",
    "pk": 11,
    "fields": {
        "action_time": "2023-03-08T18:05:13.914Z",
        "user": 1,
        "content_type": 3,
        "object_id": "4",
        "object_repr": "Утюг",
        "action_flag": 2,
        "change_message": "[{\"changed\": {\"name\": \"\\u0433\\u043b\\u0430\\u0432\\u043d\\u043e\\u0435 \\u0438\\u0437\\u043e\\u0431\\u0440\\u0430\\u0436\\u0435\\u043d\\u0438\\u0435\", \"object\": \"\\u0413\\u043b\\u0430\\u0432\\u043d\\u0430\\u044f \\u043a\\u0430\\u0440\\u0442\\u0438\\u043d\\u043a\\u0430 2\", \"fields\": [\"\\u041a\\u0430\\u0440\\u0442\\u0438\\u043d\\u043a\\u0430\"]}}]"
    }
},
{
    "model": "admin.logentry",
    "pk": 12,
    "fields": {
        "action_time": "2023-03-08T18:13:10.119Z",
        "user": 1,
        "content_type": 3,
        "object_id": "4",
        "object_repr": "Утюг",
        "action_flag": 2,
        "change_message": "[{\"changed\": {\"name\": \"\\u0433\\u043b\\u0430\\u0432\\u043d\\u043e\\u0435 \\u0438\\u0437\\u043e\\u0431\\u0440\\u0430\\u0436\\u0435\\u043d\\u0438\\u0435\", \"object\": \"\\u0413\\u043b\\u0430\\u0432\\u043d\\u0430\\u044f \\u043a\\u0430\\u0440\\u0442\\u0438\\u043d\\u043a\\u0430 2\", \"fields\": [\"\\u041a\\u0430\\u0440\\u0442\\u0438\\u043d\\u043a\\u0430\"]}}]"
    }
},
{
    "model": "admin.logentry",
    "pk": 13,
    "fields": {
        "action_time": "2023-03-08T18:13:30.164Z",
        "user": 1,
        "content_type": 3,
        "object_id": "9",
        "object_repr": "Стол",
        "action_flag": 2,
        "change_message": "[{\"changed\": {\"name\": \"\\u0433\\u043b\\u0430\\u0432\\u043d\\u043e\\u0435 \\u0438\\u0437\\u043e\\u0431\\u0440\\u0430\\u0436\\u0435\\u043d\\u0438\\u0435\", \"object\": \"\\u0413\\u043b\\u0430\\u0432\\u043d\\u0430\\u044f \\u043a\\u0430\\u0440\\u0442\\u0438\\u043d\\u043a\\u0430 7\", \"fields\": [\"\\u041a\\u0430\\u0440\\u0442\\u0438\\u043d\\u043a\\u0430\"]}}]"
    }
},
{
    "model": "admin.logentry",
    "pk": 14,
    "fields": {
        "action_time": "2023-03-08T18:13:51.833Z",
        "user": 1,
        "content_type": 3,
        "object_id": "8",
        "object_repr": "Тополь-М",
        "action_flag": 2,
        "change_message": "[{\"changed\": {\"name\": \"\\u0433\\u043b\\u0430\\u0432\\u043d\\u043e\\u0435 \\u0438\\u0437\\u043e\\u0431\\u0440\\u0430\\u0436\\u0435\\u043d\\u0438\\u0435\", \"object\": \"\\u0413\\u043b\\u0430\\u0432\\u043d\\u0430\\u044f \\u043a\\u0430\\u0440\\u0442\\u0438\\u043d\\u043a\\u0430 6\", \"fields\": [\"\\u041a\\u0430\\u0440\\u0442\\u0438\\u043d\\u043a\\u0430\"]}}, {\"changed\": {\"name\": \"\\u0438\\u0437\\u043e\\u0431\\u0440\\u0430\\u0436\\u0435\\u043d\\u0438\\u0435\", \"object\": \"\\u041a\\u0430\\u0440\\u0442\\u0438\\u043d\\u043a\\u0430 \\u0438\\u0437 \\u0433\\u0435\\u043b\\u0435\\u0440\\u0435\\u0438 1\", \"fields\": [\"\\u041a\\u0430\\u0440\\u0442\\u0438\\u043d\\u043a\\u0430\"]}}, {\"changed\": {\"name\": \"\\u0438\\u0437\\u043e\\u0431\\u0440\\u0430\\u0436\\u0435\\u043d\\u0438\\u0435\", \"object\": \"\\u041a\\u0430\\u0440\\u0442\\u0438\\u043d\\u043a\\u0430 \\u0438\\u0437 \\u0433\\u0435\\u043b\\u0435\\u0440\\u0435\\u0438 3\", \"fields\": [\"\\u041a\\u0430\\u0440\\u0442\\u0438\\u043d\\u043a\\u0430\"]}}]"
    }
},
{
    "model": "admin.logentry",
    "pk": 15,
    "fields": {
        "action_time": "2023-03-08T18:14:34.104Z",
        "user": 1,
        "content_type": 3,
        "object_id": "7",
        "object_repr": "Ракетный компле",
        "action_flag": 2,
        "change_message": "[{\"changed\": {\"name\": \"\\u0433\\u043b\\u0430\\u0432\\u043d\\u043e\\u0435 \\u0438\\u0437\\u043e\\u0431\\u0440\\u0430\\u0436\\u0435\\u043d\\u0438\\u0435\", \"object\": \"\\u0413\\u043b\\u0430\\u0432\\u043d\\u0430\\u044f \\u043a\\u0430\\u0440\\u0442\\u0438\\u043d\\u043a\\u0430 5\", \"fields\": [\"\\u041a\\u0430\\u0440\\u0442\\u0438\\u043d\\u043a\\u0430\"]}}]"
    }
},
{
    "model": "admin.logentry",
    "pk": 16,
    "fields": {
        "action_time": "2023-03-08T18:14:44.613Z",
        "user": 1,
        "content_type": 3,
        "object_id": "6",
        "object_repr": "Яблоко",
        "action_flag": 2,
        "change_message": "[{\"changed\": {\"name\": \"\\u0433\\u043b\\u0430\\u0432\\u043d\\u043e\\u0435 \\u0438\\u0437\\u043e\\u0431\\u0440\\u0430\\u0436\\u0435\\u043d\\u0438\\u0435\", \"object\": \"\\u0413\\u043b\\u0430\\u0432\\u043d\\u0430\\u044f \\u043a\\u0430\\u0440\\u0442\\u0438\\u043d\\u043a\\u0430 4\", \"fields\": [\"\\u041a\\u0430\\u0440\\u0442\\u0438\\u043d\\u043a\\u0430\"]}}]"
    }
},
{
    "model": "admin.logentry",
    "pk": 17,
    "fields": {
        "action_time": "2023-03-08T18:15:00.780Z",
        "user": 1,
        "content_type": 3,
        "object_id": "5",
        "object_repr": "Помидор",
        "action_flag": 2,
        "change_message": "[{\"changed\": {\"name\": \"\\u0433\\u043b\\u0430\\u0432\\u043d\\u043e\\u0435 \\u0438\\u0437\\u043e\\u0431\\u0440\\u0430\\u0436\\u0435\\u043d\\u0438\\u0435\", \"object\": \"\\u0413\\u043b\\u0430\\u0432\\u043d\\u0430\\u044f \\u043a\\u0430\\u0440\\u0442\\u0438\\u043d\\u043a\\u0430 3\", \"fields\": [\"\\u041a\\u0430\\u0440\\u0442\\u0438\\u043d\\u043a\\u0430\"]}}]"
    }
},
{
    "model": "auth.permission",
    "pk": 1,
    "fields": {
        "name": "Can add категория",
        "content_type": 1,
        "codename": "add_category"
    }
},
{
    "model": "auth.permission",
    "pk": 2,
    "fields": {
        "name": "Can change категория",
        "content_type": 1,
        "codename": "change_category"
    }
},
{
    "model": "auth.permission",
    "pk": 3,
    "fields": {
        "name": "Can delete категория",
        "content_type": 1,
        "codename": "delete_category"
    }
},
{
    "model": "auth.permission",
    "pk": 4,
    "fields": {
        "name": "Can view категория",
        "content_type": 1,
        "codename": "view_category"
    }
},
{
    "model": "auth.permission",
    "pk": 5,
    "fields": {
        "name": "Can add тэг",
        "content_type": 2,
        "codename": "add_tag"
    }
},
{
    "model": "auth.permission",
    "pk": 6,
    "fields": {
        "name": "Can change тэг",
        "content_type": 2,
        "codename": "change_tag"
    }
},
{
    "model": "auth.permission",
    "pk": 7,
    "fields": {
        "name": "Can delete тэг",
        "content_type": 2,
        "codename": "delete_tag"
    }
},
{
    "model": "auth.permission",
    "pk": 8,
    "fields": {
        "name": "Can view тэг",
        "content_type": 2,
        "codename": "view_tag"
    }
},
{
    "model": "auth.permission",
    "pk": 9,
    "fields": {
        "name": "Can add товар",
        "content_type": 3,
        "codename": "add_item"
    }
},
{
    "model": "auth.permission",
    "pk": 10,
    "fields": {
        "name": "Can change товар",
        "content_type": 3,
        "codename": "change_item"
    }
},
{
    "model": "auth.permission",
    "pk": 11,
    "fields": {
        "name": "Can delete товар",
        "content_type": 3,
        "codename": "delete_item"
    }
},
{
    "model": "auth.permission",
    "pk": 12,
    "fields": {
        "name": "Can view товар",
        "content_type": 3,
        "codename": "view_item"
    }
},
{
    "model": "auth.permission",
    "pk": 13,
    "fields": {
        "name": "Can add главное изображение",
        "content_type": 4,
        "codename": "add_imagetoitem"
    }
},
{
    "model": "auth.permission",
    "pk": 14,
    "fields": {
        "name": "Can change главное изображение",
        "content_type": 4,
        "codename": "change_imagetoitem"
    }
},
{
    "model": "auth.permission",
    "pk": 15,
    "fields": {
        "name": "Can delete главное изображение",
        "content_type": 4,
        "codename": "delete_imagetoitem"
    }
},
{
    "model": "auth.permission",
    "pk": 16,
    "fields": {
        "name": "Can view главное изображение",
        "content_type": 4,
        "codename": "view_imagetoitem"
    }
},
{
    "model": "auth.permission",
    "pk": 17,
    "fields": {
        "name": "Can add изображение",
        "content_type": 5,
        "codename": "add_galerytoitem"
    }
},
{
    "model": "auth.permission",
    "pk": 18,
    "fields": {
        "name": "Can change изображение",
        "content_type": 5,
        "codename": "change_galerytoitem"
    }
},
{
    "model": "auth.permission",
    "pk": 19,
    "fields": {
        "name": "Can delete изображение",
        "content_type": 5,
        "codename": "delete_galerytoitem"
    }
},
{
    "model": "auth.permission",
    "pk": 20,
    "fields": {
        "name": "Can view изображение",
        "content_type": 5,
        "codename": "view_galerytoitem"
    }
},
{
    "model": "auth.permission",
    "pk": 21,
    "fields": {
        "name": "Can add log entry",
        "content_type": 6,
        "codename": "add_logentry"
    }
},
{
    "model": "auth.permission",
    "pk": 22,
    "fields": {
        "name": "Can change log entry",
        "content_type": 6,
        "codename": "change_logentry"
    }
},
{
    "model": "auth.permission",
    "pk": 23,
    "fields": {
        "name": "Can delete log entry",
        "content_type": 6,
        "codename": "delete_logentry"
    }
},
{
    "model": "auth.permission",
    "pk": 24,
    "fields": {
        "name": "Can view log entry",
        "content_type": 6,
        "codename": "view_logentry"
    }
},
{
    "model": "auth.permission",
    "pk": 25,
    "fields": {
        "name": "Can add permission",
        "content_type": 7,
        "codename": "add_permission"
    }
},
{
    "model": "auth.permission",
    "pk": 26,
    "fields": {
        "name": "Can change permission",
        "content_type": 7,
        "codename": "change_permission"
    }
},
{
    "model": "auth.permission",
    "pk": 27,
    "fields": {
        "name": "Can delete permission",
        "content_type": 7,
        "codename": "delete_permission"
    }
},
{
    "model": "auth.permission",
    "pk": 28,
    "fields": {
        "name": "Can view permission",
        "content_type": 7,
        "codename": "view_permission"
    }
},
{
    "model": "auth.permission",
    "pk": 29,
    "fields": {
        "name": "Can add group",
        "content_type": 8,
        "codename": "add_group"
    }
},
{
    "model": "auth.permission",
    "pk": 30,
    "fields": {
        "name": "Can change group",
        "content_type": 8,
        "codename": "change_group"
    }
},
{
    "model": "auth.permission",
    "pk": 31,
    "fields": {
        "name": "Can delete group",
        "content_type": 8,
        "codename": "delete_group"
    }
},
{
    "model": "auth.permission",
    "pk": 32,
    "fields": {
        "name": "Can view group",
        "content_type": 8,
        "codename": "view_group"
    }
},
{
    "model": "auth.permission",
    "pk": 33,
    "fields": {
        "name": "Can add user",
        "content_type": 9,
        "codename": "add_user"
    }
},
{
    "model": "auth.permission",
    "pk": 34,
    "fields": {
        "name": "Can change user",
        "content_type": 9,
        "codename": "change_user"
    }
},
{
    "model": "auth.permission",
    "pk": 35,
    "fields": {
        "name": "Can delete user",
        "content_type": 9,
        "codename": "delete_user"
    }
},
{
    "model": "auth.permission",
    "pk": 36,
    "fields": {
        "name": "Can view user",
        "content_type": 9,
        "codename": "view_user"
    }
},
{
    "model": "auth.permission",
    "pk": 37,
    "fields": {
        "name": "Can add content type",
        "content_type": 10,
        "codename": "add_contenttype"
    }
},
{
    "model": "auth.permission",
    "pk": 38,
    "fields": {
        "name": "Can change content type",
        "content_type": 10,
        "codename": "change_contenttype"
    }
},
{
    "model": "auth.permission",
    "pk": 39,
    "fields": {
        "name": "Can delete content type",
        "content_type": 10,
        "codename": "delete_contenttype"
    }
},
{
    "model": "auth.permission",
    "pk": 40,
    "fields": {
        "name": "Can view content type",
        "content_type": 10,
        "codename": "view_contenttype"
    }
},
{
    "model": "auth.permission",
    "pk": 41,
    "fields": {
        "name": "Can add session",
        "content_type": 11,
        "codename": "add_session"
    }
},
{
    "model": "auth.permission",
    "pk": 42,
    "fields": {
        "name": "Can change session",
        "content_type": 11,
        "codename": "change_session"
    }
},
{
    "model": "auth.permission",
    "pk": 43,
    "fields": {
        "name": "Can delete session",
        "content_type": 11,
        "codename": "delete_session"
    }
},
{
    "model": "auth.permission",
    "pk": 44,
    "fields": {
        "name": "Can view session",
        "content_type": 11,
        "codename": "view_session"
    }
},
{
    "model": "auth.permission",
    "pk": 45,
    "fields": {
        "name": "Can add kv store",
        "content_type": 12,
        "codename": "add_kvstore"
    }
},
{
    "model": "auth.permission",
    "pk": 46,
    "fields": {
        "name": "Can change kv store",
        "content_type": 12,
        "codename": "change_kvstore"
    }
},
{
    "model": "auth.permission",
    "pk": 47,
    "fields": {
        "name": "Can delete kv store",
        "content_type": 12,
        "codename": "delete_kvstore"
    }
},
{
    "model": "auth.permission",
    "pk": 48,
    "fields": {
        "name": "Can view kv store",
        "content_type": 12,
        "codename": "view_kvstore"
    }
},
{
    "model": "auth.user",
    "pk": 1,
    "fields": {
        "password": "pbkdf2_sha256$260000$f1vPU5DlcnuZLcEQQhUXTg$GFcJLjKr4pYEW2pID5gvT9Cp/p0PiTPrJOS0XZC+XCA=",
        "last_login": "2023-03-07T20:10:32.160Z",
        "is_superuser": true,
        "username": "bebra_dev",
        "first_name": "",
        "last_name": "",
        "email": "",
        "is_staff": true,
        "is_active": true,
        "date_joined": "2023-03-07T20:10:07.041Z",
        "groups": [],
        "user_permissions": []
    }
},
{
    "model": "contenttypes.contenttype",
    "pk": 1,
    "fields": {
        "app_label": "catalog",
        "model": "category"
    }
},
{
    "model": "contenttypes.contenttype",
    "pk": 2,
    "fields": {
        "app_label": "catalog",
        "model": "tag"
    }
},
{
    "model": "contenttypes.contenttype",
    "pk": 3,
    "fields": {
        "app_label": "catalog",
        "model": "item"
    }
},
{
    "model": "contenttypes.contenttype",
    "pk": 4,
    "fields": {
        "app_label": "catalog",
        "model": "imagetoitem"
    }
},
{
    "model": "contenttypes.contenttype",
    "pk": 5,
    "fields": {
        "app_label": "catalog",
        "model": "galerytoitem"
    }
},
{
    "model": "contenttypes.contenttype",
    "pk": 6,
    "fields": {
        "app_label": "admin",
        "model": "logentry"
    }
},
{
    "model": "contenttypes.contenttype",
    "pk": 7,
    "fields": {
        "app_label": "auth",
        "model": "permission"
    }
},
{
    "model": "contenttypes.contenttype",
    "pk": 8,
    "fields": {
        "app_label": "auth",
        "model": "group"
    }
},
{
    "model": "contenttypes.contenttype",
    "pk": 9,
    "fields": {
        "app_label": "auth",
        "model": "user"
    }
},
{
    "model": "contenttypes.contenttype",
    "pk": 10,
    "fields": {
        "app_label": "contenttypes",
        "model": "contenttype"
    }
},
{
    "model": "contenttypes.contenttype",
    "pk": 11,
    "fields": {
        "app_label": "sessions",
        "model": "session"
    }
},
{
    "model": "contenttypes.contenttype",
    "pk": 12,
    "fields": {
        "app_label": "thumbnail",
        "model": "kvstore"
    }
},
{
    "model": "sessions.session",
    "pk": "o8nzeoh8wqh2e41yqyn2t60lw34c4w60",
    "fields": {
        "session_data": ".eJxVjDsOwyAQRO9CHSEwhl1SpvcZ0C6Lg5PIlvypotw9tuQiqUaa92beKtG21rQtZU6DqKuy6vLbMeVnGQ8gDxrvk87TuM4D60PRJ110N0l53U7376DSUve1c5DRQsi980jo2TFJK5GBgfagAIYxUNP3FgxhiNBQyK2Y1kaPoj5f6M434A:1pZddp:BCTRL-4VBL6Yvp467n-mU65G3eYnEHczPLD57ABZQiQ",
        "expire_date": "2023-03-21T20:10:33.095Z"
    }
},
{
    "model": "thumbnail.kvstore",
    "pk": "sorl-thumbnail||image||0007d2610add3d8295951844c5849af7",
    "fields": {
        "value": "{\"name\": \"catalog/8/\\u0442\\u043e\\u043f\\u043e\\u043b\\u044c59fd51b55b28.jpg\", \"storage\": \"django.core.files.storage.FileSystemStorage\", \"size\": [2250, 1500]}"
    }
},
{
    "model": "thumbnail.kvstore",
    "pk": "sorl-thumbnail||image||0844df8bb12196faac0520563755dd21",
    "fields": {
        "value": "{\"name\": \"catalog/9/stolb4d1194bf09c.jpg\", \"storage\": \"django.core.files.storage.FileSystemStorage\", \"size\": [520, 520]}"
    }
},
{
    "model": "thumbnail.kvstore",
    "pk": "sorl-thumbnail||image||0e8d2473d780beb90562550b893c1a9f",
    "fields": {
        "value": "{\"name\": \"catalog/6/iabloko904ebd0fb8f2.jpg\", \"storage\": \"django.core.files.storage.FileSystemStorage\", \"size\": [1000, 800]}"
    }
},
{
    "model": "thumbnail.kvstore",
    "pk": "sorl-thumbnail||image||13b18c82dfc4e3db26ccaf84fe112330",
    "fields": {
        "value": "{\"name\": \"cache/5c/a1/5ca1f916d03a4cce9ac94547535675c5.jpg\", \"storage\": \"django.core.files.storage.FileSystemStorage\", \"size\": [50, 50]}"
    }
},
{
    "model": "thumbnail.kvstore",
    "pk": "sorl-thumbnail||image||23b6a7ed5c6aa0ea484282d2ba2e4b9f",
    "fields": {
        "value": "{\"name\": \"cache/9c/67/9c67be1f9ef8bb796f3d09434784f27a.jpg\", \"storage\": \"django.core.files.storage.FileSystemStorage\", \"size\": [50, 50]}"
    }
},
{
    "model": "thumbnail.kvstore",
    "pk": "sorl-thumbnail||image||44b69956be1a53fce983a90ee36cde86",
    "fields": {
        "value": "{\"name\": \"catalog/9/\\u0441\\u0442\\u043e\\u043baaa6c0b6ea06.jpg\", \"storage\": \"django.core.files.storage.FileSystemStorage\", \"size\": [520, 520]}"
    }
},
{
    "model": "thumbnail.kvstore",
    "pk": "sorl-thumbnail||image||4a0b58fa557b59d58149da08697b463d",
    "fields": {
        "value": "{\"name\": \"cache/de/11/de11b53c125530acbd877d23117501c5.jpg\", \"storage\": \"django.core.files.storage.FileSystemStorage\", \"size\": [50, 50]}"
    }
},
{
    "model": "thumbnail.kvstore",
    "pk": "sorl-thumbnail||image||4d941b6e5b9a35a9916844b64fec6fd6",
    "fields": {
        "value": "{\"name\": \"cache/a8/19/a8196639806ee379c00dabdbf9b06e7a.jpg\", \"storage\": \"django.core.files.storage.FileSystemStorage\", \"size\": [50, 50]}"
    }
},
{
    "model": "thumbnail.kvstore",
    "pk": "sorl-thumbnail||image||4f9c287b28d995e8026b664a4e4a4377",
    "fields": {
        "value": "{\"name\": \"catalog/6/\\u044f\\u0431\\u043b\\u043e\\u043a\\u043e_9AQddzh495ad54737d4.jpg\", \"storage\": \"django.core.files.storage.FileSystemStorage\", \"size\": [1000, 800]}"
    }
},
{
    "model": "thumbnail.kvstore",
    "pk": "sorl-thumbnail||image||57706a0bf675a555c2efdc92e20fc4cf",
    "fields": {
        "value": "{\"name\": \"catalog/8/topol661fdfab65db.jpg\", \"storage\": \"django.core.files.storage.FileSystemStorage\", \"size\": [2250, 1500]}"
    }
},
{
    "model": "thumbnail.kvstore",
    "pk": "sorl-thumbnail||image||5e8cca28f43ef73813ea856255591d05",
    "fields": {
        "value": "{\"name\": \"cache/55/f8/55f80cff591407601fa6d759a84611d6.jpg\", \"storage\": \"django.core.files.storage.FileSystemStorage\", \"size\": [50, 50]}"
    }
},
{
    "model": "thumbnail.kvstore",
    "pk": "sorl-thumbnail||image||67b68fcfd7332c01bbb729aa396b04f2",
    "fields": {
        "value": "{\"name\": \"cache/89/ed/89ed401a3f7da26015bfe08970c35346.jpg\", \"storage\": \"django.core.files.storage.FileSystemStorage\", \"size\": [50, 50]}"
    }
},
{
    "model": "thumbnail.kvstore",
    "pk": "sorl-thumbnail||image||67f81c9ca25dbae51416bfd27f5f469c",
    "fields": {
        "value": "{\"name\": \"cache/a2/55/a25582e0fee4a2631d63d02f0465aee2.jpg\", \"storage\": \"django.core.files.storage.FileSystemStorage\", \"size\": [50, 50]}"
    }
},
{
    "model": "thumbnail.kvstore",
    "pk": "sorl-thumbnail||image||69429f79c5f701cd79c7f7f8f601e05b",
    "fields": {
        "value": "{\"name\": \"cache/d9/55/d9550b0dbd1162bb7d663156717216ab.jpg\", \"storage\": \"django.core.files.storage.FileSystemStorage\", \"size\": [50, 50]}"
    }
},
{
    "model": "thumbnail.kvstore",
    "pk": "sorl-thumbnail||image||70f2121ee9c99e65a495ada573c201a6",
    "fields": {
        "value": "{\"name\": \"catalog/4/\\u0443\\u0442\\u044e\\u0433beff4aa7af86.\\u0439\\u043f\\u0435\\u0433\", \"storage\": \"django.core.files.storage.FileSystemStorage\", \"size\": [1224, 1078]}"
    }
},
{
    "model": "thumbnail.kvstore",
    "pk": "sorl-thumbnail||image||77b1f647b89cc559d961ca213df34a08",
    "fields": {
        "value": "{\"name\": \"cache/77/5b/775ba4a175bed9701ad779ddcdf6c26a.jpg\", \"storage\": \"django.core.files.storage.FileSystemStorage\", \"size\": [50, 50]}"
    }
},
{
    "model": "thumbnail.kvstore",
    "pk": "sorl-thumbnail||image||a200a4a4cd7adbc2502965e50dda311c",
    "fields": {
        "value": "{\"name\": \"catalog/7/\\u044f\\u0440\\u0441_axcAx6O333de3162eaa.jpeg\", \"storage\": \"django.core.files.storage.FileSystemStorage\", \"size\": [1024, 682]}"
    }
},
{
    "model": "thumbnail.kvstore",
    "pk": "sorl-thumbnail||image||aae8b33d56be3aadb8e1980f5f75ffb8",
    "fields": {
        "value": "{\"name\": \"cache/ec/34/ec349da09e98d021c4bd7faf3b14ea0f.jpg\", \"storage\": \"django.core.files.storage.FileSystemStorage\", \"size\": [50, 50]}"
    }
},
{
    "model": "thumbnail.kvstore",
    "pk": "sorl-thumbnail||image||b1d11a3e79f75fb264a6a708d9c61d00",
    "fields": {
        "value": "{\"name\": \"cache/fb/04/fb0487a78d6082a08492982558445862.jpg\", \"storage\": \"django.core.files.storage.FileSystemStorage\", \"size\": [50, 50]}"
    }
},
{
    "model": "thumbnail.kvstore",
    "pk": "sorl-thumbnail||image||b47a6ab79e5db24aa845ddb360f13adc",
    "fields": {
        "value": "{\"name\": \"catalog/4/aboba_XZ4eKkH8ee70634d0ce.jpeg\", \"storage\": \"django.core.files.storage.FileSystemStorage\", \"size\": [1224, 1078]}"
    }
},
{
    "model": "thumbnail.kvstore",
    "pk": "sorl-thumbnail||image||be75e99e3815089e357e5f4d45d293fa",
    "fields": {
        "value": "{\"name\": \"catalog/7/iars10f4ac94030b.jpeg\", \"storage\": \"django.core.files.storage.FileSystemStorage\", \"size\": [1024, 682]}"
    }
},
{
    "model": "thumbnail.kvstore",
    "pk": "sorl-thumbnail||image||c64d41b5b3348e91db38f39a2767818d",
    "fields": {
        "value": "{\"name\": \"catalog/4/utiug80f3d8435cd8.jpeg\", \"storage\": \"django.core.files.storage.FileSystemStorage\", \"size\": [1224, 1078]}"
    }
},
{
    "model": "thumbnail.kvstore",
    "pk": "sorl-thumbnail||image||de2f36deb8ae7ae819b23be3d3f49eda",
    "fields": {
        "value": "{\"name\": \"catalog/5/pomidor6a12ba319e49.jpg\", \"storage\": \"django.core.files.storage.FileSystemStorage\", \"size\": [900, 726]}"
    }
},
{
    "model": "thumbnail.kvstore",
    "pk": "sorl-thumbnail||image||ef3e5ace2fc015a969a7ad18c7340cfc",
    "fields": {
        "value": "{\"name\": \"cache/16/a9/16a9c27bbd9c35da0781436768d813e5.jpg\", \"storage\": \"django.core.files.storage.FileSystemStorage\", \"size\": [50, 50]}"
    }
},
{
    "model": "thumbnail.kvstore",
    "pk": "sorl-thumbnail||image||f13a04f5296c33a1dfede177569c066c",
    "fields": {
        "value": "{\"name\": \"catalog/5/\\u043f\\u043e\\u043c\\u0438\\u0434\\u043e\\u0440_bOzReG15a81ae0e3e7c.jpg\", \"storage\": \"django.core.files.storage.FileSystemStorage\", \"size\": [900, 726]}"
    }
},
{
    "model": "thumbnail.kvstore",
    "pk": "sorl-thumbnail||image||f36918bb22137adcee81227146977bae",
    "fields": {
        "value": "{\"name\": \"cache/3d/6d/3d6d0d359dc8ea6480327d435e3d163d.jpg\", \"storage\": \"django.core.files.storage.FileSystemStorage\", \"size\": [50, 50]}"
    }
},
{
    "model": "thumbnail.kvstore",
    "pk": "sorl-thumbnail||thumbnails||0007d2610add3d8295951844c5849af7",
    "fields": {
        "value": "[\"f36918bb22137adcee81227146977bae\"]"
    }
},
{
    "model": "thumbnail.kvstore",
    "pk": "sorl-thumbnail||thumbnails||0844df8bb12196faac0520563755dd21",
    "fields": {
        "value": "[\"77b1f647b89cc559d961ca213df34a08\"]"
    }
},
{
    "model": "thumbnail.kvstore",
    "pk": "sorl-thumbnail||thumbnails||0e8d2473d780beb90562550b893c1a9f",
    "fields": {
        "value": "[\"ef3e5ace2fc015a969a7ad18c7340cfc\"]"
    }
},
{
    "model": "thumbnail.kvstore",
    "pk": "sorl-thumbnail||thumbnails||44b69956be1a53fce983a90ee36cde86",
    "fields": {
        "value": "[\"69429f79c5f701cd79c7f7f8f601e05b\"]"
    }
},
{
    "model": "thumbnail.kvstore",
    "pk": "sorl-thumbnail||thumbnails||4f9c287b28d995e8026b664a4e4a4377",
    "fields": {
        "value": "[\"23b6a7ed5c6aa0ea484282d2ba2e4b9f\"]"
    }
},
{
    "model": "thumbnail.kvstore",
    "pk": "sorl-thumbnail||thumbnails||57706a0bf675a555c2efdc92e20fc4cf",
    "fields": {
        "value": "[\"67f81c9ca25dbae51416bfd27f5f469c\"]"
    }
},
{
    "model": "thumbnail.kvstore",
    "pk": "sorl-thumbnail||thumbnails||70f2121ee9c99e65a495ada573c201a6",
    "fields": {
        "value": "[\"b1d11a3e79f75fb264a6a708d9c61d00\"]"
    }
},
{
    "model": "thumbnail.kvstore",
    "pk": "sorl-thumbnail||thumbnails||a200a4a4cd7adbc2502965e50dda311c",
    "fields": {
        "value": "[\"5e8cca28f43ef73813ea856255591d05\"]"
    }
},
{
    "model": "thumbnail.kvstore",
    "pk": "sorl-thumbnail||thumbnails||b47a6ab79e5db24aa845ddb360f13adc",
    "fields": {
        "value": "[\"67b68fcfd7332c01bbb729aa396b04f2\"]"
    }
},
{
    "model": "thumbnail.kvstore",
    "pk": "sorl-thumbnail||thumbnails||be75e99e3815089e357e5f4d45d293fa",
    "fields": {
        "value": "[\"aae8b33d56be3aadb8e1980f5f75ffb8\"]"
    }
},
{
    "model": "thumbnail.kvstore",
    "pk": "sorl-thumbnail||thumbnails||c64d41b5b3348e91db38f39a2767818d",
    "fields": {
        "value": "[\"13b18c82dfc4e3db26ccaf84fe112330\"]"
    }
},
{
    "model": "thumbnail.kvstore",
    "pk": "sorl-thumbnail||thumbnails||de2f36deb8ae7ae819b23be3d3f49eda",
    "fields": {
        "value": "[\"4a0b58fa557b59d58149da08697b463d\"]"
    }
},
{
    "model": "thumbnail.kvstore",
    "pk": "sorl-thumbnail||thumbnails||f13a04f5296c33a1dfede177569c066c",
    "fields": {
        "value": "[\"4d941b6e5b9a35a9916844b64fec6fd6\"]"
    }
}
]
